season,player_id,player_name,qb_epa,dropbacks,metric,qualifying_threshold
2006,00-0023436,A.Smith,-32.68207170804284,476.0,-0.06865981451269504,224
2006,00-0023504,A.Walter,-99.8274239043698,321.0,-0.3109888595151707,224
2006,00-0005106,B.Favre,-2.528547006033301,632.0,-0.004000865515875476,224
2006,00-0024408,B.Gradkowski,-84.33912212060324,351.0,-0.24028239920399783,224
2006,00-0008442,B.Johnson,-74.2900843170621,466.0,-0.1594207817962706,224
2006,00-0022924,B.Roethlisberger,10.505559029716279,511.0,0.02055882393290857,224
2006,00-0023502,C.Frye,-84.3730119341879,433.0,-0.1948568404946603,224
2006,00-0021429,C.Palmer,64.70673089237604,552.0,0.11722233857314501,224
2006,00-0019559,C.Pennington,25.64960087616981,508.0,0.05049134030742088,224
2006,00-0020531,D.Brees,126.77865684725042,573.0,0.2212542004315016,224
2006,00-0020608,D.Carr,-44.67244106241171,481.0,-0.09287409784285178,224
2006,00-0021231,D.Garrard,-18.141614301386305,261.0,-0.06950810077159504,224
2006,00-0007835,D.Huard,33.53153236305196,261.0,0.128473304072996,224
2006,00-0011022,D.McNabb,37.500212297500724,335.0,0.11194093223134545,224
2006,00-0022803,E.Manning,-7.428399213264842,545.0,-0.013630090299568517,224
2006,00-0004161,J.Delhomme,-1.8600203916434301,453.0,-0.004106005279566071,224
2006,00-0021141,J.Harrington,-40.928739720735,401.0,-0.10206668259534914,224
2006,00-0009311,J.Kitna,-34.134054239042705,658.0,-0.05187546236936581,224
2006,00-0022912,J.Losman,-24.468165507540608,475.0,-0.05151192738429602,224
2006,00-0013042,J.Plummer,-25.76883387131305,334.0,-0.07715219721950015,224
2006,00-0002110,M.Brunell,8.539394254229133,274.0,0.03116567246069027,224
2006,00-0019599,M.Bulger,56.95546321203132,631.0,0.09026222379085787,224
2006,00-0007091,M.Hasselbeck,-8.555570787606365,403.0,-0.021229704187608847,224
2006,00-0024225,M.Leinart,5.577651087234363,390.0,0.014301669454447085,224
2006,00-0020245,M.Vick,-66.99131294279385,434.0,-0.15435786392348813,224
2006,00-0010346,P.Manning,183.75996504656737,569.0,0.3229524869008214,224
2006,00-0022942,P.Rivers,86.8837394247073,488.0,0.17804044964079366,224
2006,00-0022121,R.Grossman,-26.711638917505027,500.0,-0.05342327783501005,224
2006,00-0011024,S.McNair,40.45854514456777,477.0,0.08481875292362216,224
2006,00-0019596,T.Brady,69.8193758430921,544.0,0.12834444088803695,224
2006,00-0021678,T.Romo,83.24581336166884,360.0,0.2312383704490801,224
2006,00-0024218,V.Young,-46.6309921985321,378.0,-0.1233624132236299,224
2007,00-0024300,B.Croyle,-33.16324000976091,239.0,-0.13875832640067326,224
2007,00-0005106,B.Favre,115.00618367370248,547.0,0.2102489646685603,224
2007,00-0006423,B.Griese,2.1668059148244154,273.0,0.007937018003019837,224
2007,00-0022924,B.Roethlisberger,79.50085832307612,450.0,0.17666857405128025,224
2007,00-0020565,C.Lemon,-16.28977296084289,330.0,-0.049362948366190575,224
2007,00-0021429,C.Palmer,61.079260400657965,590.0,0.10352417017060672,224
2007,00-0019559,C.Pennington,-0.20573888820963582,285.0,-0.0007218908358232836,224
2007,00-0023645,D.Anderson,44.58595427904291,536.0,0.08318275052060244,224
2007,00-0020531,D.Brees,53.58845148690625,669.0,0.08010231911346226,224
2007,00-0021231,D.Garrard,80.21076759916278,344.0,0.23317083604407784,224
2007,00-0007835,D.Huard,-28.16266532898595,370.0,-0.07611531169996202,224
2007,00-0011022,D.McNabb,34.88797220632144,517.0,0.06748157099868751,224
2007,00-0022803,E.Manning,-50.861054158389564,554.0,-0.0918069569646021,224
2007,00-0023460,J.Campbell,19.113843693993363,436.0,0.04383909104126918,224
2007,00-0024226,J.Cutler,55.88605408148297,492.0,0.1135895408160223,224
2007,00-0005755,J.Garcia,48.595388757233735,342.0,0.1420917799919115,224
2007,00-0021141,J.Harrington,-38.032681073555416,380.0,-0.10008600282514583,224
2007,00-0009311,J.Kitna,-23.612491184083588,611.0,-0.038645648419122075,224
2007,00-0022164,K.Boller,-32.600077220010824,295.0,-0.11050873633901974,224
2007,00-0024264,K.Clemens,-49.93636055382089,274.0,-0.182249491072339,224
2007,00-0017200,K.Warner,48.08101627230331,468.0,0.10273721425705835,224
2007,00-0019599,M.Bulger,-48.429926426308185,414.0,-0.11698049861427098,224
2007,00-0007091,M.Hasselbeck,67.29126650109868,593.0,0.11347599747234179,224
2007,00-0022787,M.Schaub,8.834406412511386,301.0,0.02935018741698135,224
2007,00-0010346,P.Manning,154.48747470370648,536.0,0.2882229005666166,224
2007,00-0022942,P.Rivers,30.640627636919266,482.0,0.06356976688157524,224
2007,00-0022121,R.Grossman,-49.56882075887825,246.0,-0.20149927137755388,224
2007,00-0020480,S.Rosenfels,31.8461041666924,246.0,0.12945570799468456,224
2007,00-0019596,T.Brady,250.02815796770972,599.0,0.4174092787440897,224
2007,00-0004293,T.Dilfer,-89.31174303679747,243.0,-0.36753803718846695,224
2007,00-0025479,T.Edwards,-40.79327213578348,279.0,-0.1462124449311236,224
2007,00-0024279,T.Jackson,-6.7596246362575645,306.0,-0.02209027658907701,224
2007,00-0021678,T.Romo,138.23330696049226,545.0,0.2536390953403528,224
2007,00-0024218,V.Young,-13.0779674573065,406.0,-0.03221174250568103,224
2008,00-0023459,A.Rodgers,81.16819554876608,567.0,0.1431537840366245,224
2008,00-0005106,B.Favre,18.09531607525801,553.0,0.03272209055200363,224
2008,00-0022924,B.Roethlisberger,-6.815224726376066,514.0,-0.013259192074661606,224
2008,00-0019559,C.Pennington,90.13042995816433,498.0,0.1809847991127798,224
2008,00-0023645,D.Anderson,-22.910199128233238,300.0,-0.07636733042744413,224
2008,00-0020531,D.Brees,161.53776848403987,643.0,0.2512251453873093,224
2008,00-0021231,D.Garrard,15.405098459047096,576.0,0.02674496260251232,224
2008,00-0011022,D.McNabb,61.485442667314395,590.0,0.10421261469036339,224
2008,00-0023578,D.Orlovsky,-15.14553126831481,270.0,-0.05609456025301782,224
2008,00-0022803,E.Manning,46.339101410567196,507.0,0.09139862211157238,224
2008,00-0005589,G.Frerotte,-31.626265200156347,329.0,-0.09612846565397065,224
2008,00-0023460,J.Campbell,-1.8116601627115192,543.0,-0.0033363907232256337,224
2008,00-0024226,J.Cutler,128.84106089066793,624.0,0.20647605911966016,224
2008,00-0004161,J.Delhomme,37.906855608269304,433.0,0.0875447011738321,224
2008,00-0026158,J.Flacco,-5.23080746059165,461.0,-0.011346653927530693,224
2008,00-0005755,J.Garcia,41.70959103442114,399.0,0.1045353158757422,224
2008,00-0021296,J.O'Sullivan,-54.32914762415347,252.0,-0.21559185565140265,224
2008,00-0025388,J.Russell,-58.724050381997955,397.0,-0.14791952237279082,224
2008,00-0003292,K.Collins,29.38367987014697,425.0,0.06913807028269875,224
2008,00-0023541,K.Orton,-21.349854157714876,492.0,-0.04339401251568064,224
2008,00-0017200,K.Warner,112.03868397829832,625.0,0.1792618943652773,224
2008,00-0019599,M.Bulger,-81.07642850714596,480.0,-0.1689092260565541,224
2008,00-0023662,M.Cassel,78.92308778942518,561.0,0.14068286593480425,224
2008,00-0007091,M.Hasselbeck,-36.83908779528973,229.0,-0.16086937901873244,224
2008,00-0026143,M.Ryan,82.47247084706748,450.0,0.18327215743792774,224
2008,00-0022787,M.Schaub,37.173528454164206,399.0,0.09316673798036142,224
2008,00-0010346,P.Manning,144.78880857117582,568.0,0.25490987424502787,224
2008,00-0022942,P.Rivers,133.67271293824354,508.0,0.2631352616894558,224
2008,00-0023682,R.Fitzpatrick,-77.04603568548855,409.0,-0.18837661536794265,224
2008,00-0020679,S.Hill,27.540168883491816,308.0,0.0894161327386098,224
2008,00-0022055,S.Wallace,14.961657657267063,255.0,0.058673167283400246,224
2008,00-0025479,T.Edwards,10.554988810549355,396.0,0.02665401214785191,224
2008,00-0021678,T.Romo,46.098804310407566,471.0,0.097874319130377,224
2008,00-0025604,T.Thigpen,-16.36311637568032,445.0,-0.036771048035236675,224
2009,00-0023459,A.Rodgers,124.03968048885417,592.0,0.20952648731225368,224
2009,00-0023436,A.Smith,-16.75957408868904,393.0,-0.04264522668877618,224
2009,00-0005106,B.Favre,135.75269894431867,563.0,0.2411237991906193,224
2009,00-0025409,B.Quinn,-50.8349004491288,275.0,-0.18485418345137747,224
2009,00-0022924,B.Roethlisberger,87.92229383728598,555.0,0.15841854745456932,224
2009,00-0026197,C.Henne,13.026026313139921,476.0,0.02736560149819311,224
2009,00-0021429,C.Palmer,49.19351999772123,490.0,0.10039493877085966,224
2009,00-0020531,D.Brees,157.0525311720141,534.0,0.29410586361800395,224
2009,00-0021231,D.Garrard,-7.118763625834777,555.0,-0.01282660112763023,224
2009,00-0011022,D.McNabb,40.025252253917444,479.0,0.08356002558229111,224
2009,00-0022803,E.Manning,89.8206988376018,537.0,0.16726387120596237,224
2009,00-0023460,J.Campbell,1.7614547034271373,547.0,0.003220209695479227,224
2009,00-0024226,J.Cutler,-45.884822406240964,586.0,-0.07830174472054773,224
2009,00-0004161,J.Delhomme,-56.26693619941126,340.0,-0.16549098882179783,224
2009,00-0026158,J.Flacco,51.62997059970745,534.0,0.09668533820169935,224
2009,00-0026993,J.Freeman,-57.9719184112057,309.0,-0.18761138644403139,224
2009,00-0025388,J.Russell,-120.41188534836446,278.0,-0.43313627823152684,224
2009,00-0023541,K.Orton,29.292899678582554,570.0,0.051391052067688694,224
2009,00-0017200,K.Warner,53.09038288574016,531.0,0.09998188867371029,224
2009,00-0019599,M.Bulger,-39.16789246500226,261.0,-0.1500685535057558,224
2009,00-0023662,M.Cassel,-80.71057631707222,533.0,-0.1514269724522931,224
2009,00-0007091,M.Hasselbeck,-55.14583075127598,521.0,-0.10584612428267942,224
2009,00-0026143,M.Ryan,47.66684416478397,466.0,0.10228936516048062,224
2009,00-0026898,M.Sanchez,-70.59081806280636,392.0,-0.1800786175071591,224
2009,00-0022787,M.Schaub,134.21078694873935,606.0,0.22146994545996593,224
2009,00-0026498,M.Stafford,-72.54284273651959,395.0,-0.18365276642156858,224
2009,00-0010346,P.Manning,173.196563199018,582.0,0.2975885965618866,224
2009,00-0022942,P.Rivers,169.30667241427454,509.0,0.3326260754700875,224
2009,00-0023682,R.Fitzpatrick,-44.387247835075584,248.0,-0.1789808380446596,224
2009,00-0019596,T.Brady,135.7388376742497,584.0,0.23242951656549607,224
2009,00-0021678,T.Romo,113.45810856509344,582.0,0.19494520372009183,224
2009,00-0024218,V.Young,33.16091921280146,267.0,0.12419819929888187,224
2010,00-0023459,A.Rodgers,116.67795716932186,504.0,0.231503883272464,224
2010,00-0023436,A.Smith,-13.527234524393341,365.0,-0.03706091650518724,224
2010,00-0005106,B.Favre,-45.31068367828169,381.0,-0.11892567894562124,224
2010,00-0022924,B.Roethlisberger,80.52514568453967,413.0,0.19497613967200889,224
2010,00-0026197,C.Henne,-2.900251564195899,519.0,-0.0055881533028822716,224
2010,00-0027688,C.McCoy,0.46946526759590046,244.0,0.0019240379819504118,224
2010,00-0021429,C.Palmer,35.39524976438909,613.0,0.05774102734810618,224
2010,00-0023645,D.Anderson,-56.61639249495189,353.0,-0.16038638100552943,224
2010,00-0020531,D.Brees,85.19125949982204,681.0,0.12509729735656688,224
2010,00-0021231,D.Garrard,23.84515608491445,397.0,0.06006336545318501,224
2010,00-0011022,D.McNabb,-10.102757446269322,509.0,-0.019848246456324797,224
2010,00-0022803,E.Manning,43.686696783908495,554.0,0.07885685340055686,224
2010,00-0023460,J.Campbell,12.069788039322203,360.0,0.033527188998117234,224
2010,00-0027659,J.Clausen,-92.99226295365703,331.0,-0.28094339260923573,224
2010,00-0024226,J.Cutler,-13.604707695869068,486.0,-0.02799322571166475,224
2010,00-0026158,J.Flacco,45.02374387248381,529.0,0.08511104701792781,224
2010,00-0026993,J.Freeman,74.3371072741026,503.0,0.14778748961054197,224
2010,00-0009311,J.Kitna,26.26444965822035,340.0,0.07724838134770691,224
2010,00-0003292,K.Collins,25.99442147641892,290.0,0.08963593612558249,224
2010,00-0023541,K.Orton,31.746911050523607,531.0,0.05978702646049643,224
2010,00-0023662,M.Cassel,62.6696580425074,473.0,0.13249399163320805,224
2010,00-0007091,M.Hasselbeck,-18.243506097851128,472.0,-0.038651495970023576,224
2010,00-0026898,M.Sanchez,-7.797692981719025,530.0,-0.014712628267394386,224
2010,00-0022787,M.Schaub,79.4905626678947,603.0,0.1318251453862267,224
2010,00-0020245,M.Vick,67.53400311736323,405.0,0.16675062498114376,224
2010,00-0010346,P.Manning,130.54233597675443,695.0,0.18783069924712867,224
2010,00-0022942,P.Rivers,166.39783567925124,579.0,0.28738831723532166,224
2010,00-0023682,R.Fitzpatrick,9.97707261880893,465.0,0.02145607014797619,224
2010,00-0026143,Ryan,100.89830861125161,596.0,0.16929246411283827,224
2010,00-0027854,S.Bradford,-43.75467381999062,621.0,-0.0704584119484551,224
2010,00-0020679,Shaun.Hill,18.268244586258763,432.0,0.04228760320893232,224
2010,00-0019596,T.Brady,149.10129620827695,518.0,0.2878403401704188,224
2011,00-0027973,A.Dalton,1.7076236803845113,541.0,0.0031564208509880062,224
2011,00-0023459,A.Rodgers,223.43652146823914,536.0,0.4168591818437297,224
2011,00-0023436,Alex Smith,22.384183642427065,490.0,0.04568200743352462,224
2011,00-0027948,B.Gabbert,-101.80454482960315,452.0,-0.22523129387080343,224
2011,00-0022924,B.Roethlisberger,81.78350543703105,551.0,0.14842741458626327,224
2011,00-0027688,C.McCoy,-35.348191215949534,495.0,-0.07141048730494855,224
2011,00-0027939,C.Newton,50.67928042367872,552.0,0.09181029062260637,224
2011,00-0027134,C.Painter,-46.28337057195392,260.0,-0.1780129637382843,224
2011,00-0021429,C.Palmer,34.532670582778664,343.0,0.10067833989148299,224
2011,00-0027950,C.Ponder,-56.44692570977575,321.0,-0.1758471205912017,224
2011,00-0020531,D.Brees,227.89509201407853,682.0,0.3341570264136049,224
2011,00-0022803,E.Manning,89.4352440483954,617.0,0.14495177317406063,224
2011,00-0024226,J.Cutler,4.543881319639428,337.0,0.013483327357980497,224
2011,00-0026158,J.Flacco,30.541283626306754,573.0,0.05330066950489835,224
2011,00-0026993,J.Freeman,-39.28622872023156,580.0,-0.06773487710384753,224
2011,00-0027754,J.Skelton,-49.55979051541794,297.0,-0.16686798153339372,224
2011,00-0025423,K.Kolb,-8.830062410185445,283.0,-0.031201633958252456,224
2011,00-0023541,K.Orton,17.85148222196598,261.0,0.06839648360906506,224
2011,00-0023662,M.Cassel,-20.753034555150464,290.0,-0.0715621881212085,224
2011,00-0007091,M.Hasselbeck,7.958616184272455,536.0,0.01484816452289637,224
2011,00-0025708,M.Moore,2.804228296813306,384.0,0.007302677856284651,224
2011,00-0026143,M.Ryan,89.42251021368968,586.0,0.15259814029639876,224
2011,00-0026898,M.Sanchez,-58.02161246319654,580.0,-0.10003726286758025,224
2011,00-0022787,M.Schaub,63.619602612058635,306.0,0.20790719807862298,224
2011,00-0026498,M.Stafford,93.36555684904464,714.0,0.1307640852227516,224
2011,00-0020245,M.Vick,50.800318173376574,441.0,0.11519346524575187,224
2011,00-0022942,P.Rivers,103.36740201909132,610.0,0.16945475740834642,224
2011,00-0023682,R.Fitzpatrick,-5.581755392179899,588.0,-0.009492781279217514,224
2011,00-0022121,R.Grossman,-14.585199682090039,482.0,-0.030259750377780163,224
2011,00-0027854,S.Bradford,-79.55341112525319,393.0,-0.20242598250700558,224
2011,00-0019596,T.Brady,198.12814379440817,642.0,0.30861081587914047,224
2011,00-0024279,T.Jackson,-14.59644984146858,491.0,-0.029728003750445174,224
2011,00-0021678,T.Romo,94.27383717778737,554.0,0.17016938118734182,224
2011,00-0027876,T.Tebow,-62.40850966427062,302.0,-0.20665069425255173,224
2012,00-0027973,A.Dalton,0.6101983311342574,571.0,0.0010686485659093825,224
2012,00-0029668,A.Luck,14.066800332128045,661.0,0.021281089761161942,224
2012,00-0023459,A.Rodgers,113.33414746138718,603.0,0.1879504933024663,224
2012,00-0023436,A.Smith,33.56166513759301,242.0,0.13868456668426865,224
2012,00-0027948,B.Gabbert,-37.454748266559704,304.0,-0.12320640877157797,224
2012,00-0022924,B.Roethlisberger,68.15389083308479,475.0,0.14348187543807323,224
2012,00-0029677,B.Weeden,-30.373976702483425,544.0,-0.055834515997212175,224
2012,00-0026197,C.Henne,-44.88682131407738,334.0,-0.13439168058107,224
2012,00-0027974,C.Kaepernick,52.86631071060111,234.0,0.2259244047461586,224
2012,00-0027939,C.Newton,55.570977805800894,519.0,0.1070731749630075,224
2012,00-0021429,C.Palmer,19.634684649723784,590.0,0.033279126524955564,224
2012,00-0027950,C.Ponder,-8.861507988147139,517.0,-0.017140247559278798,224
2012,00-0020531,D.Brees,115.41544955050294,693.0,0.16654466024603598,224
2012,00-0022803,E.Manning,57.481172366828254,555.0,0.10356967994023109,224
2012,00-0024226,J.Cutler,-22.707115878751594,473.0,-0.04800658748150443,224
2012,00-0026158,J.Flacco,16.873617883477284,567.0,0.029759467166626603,224
2012,00-0026993,J.Freeman,24.636273743804573,586.0,0.042041422770997566,224
2012,00-0027946,J.Locker,-23.894235787919314,339.0,-0.07048447135079444,224
2012,00-0023662,M.Cassel,-38.141398275864674,289.0,-0.1319771566638916,224
2012,00-0007091,M.Hasselbeck,-13.803309872997744,236.0,-0.0584886011567701,224
2012,00-0026143,M.Ryan,140.8080071679022,644.0,0.21864597386320217,224
2012,00-0026898,M.Sanchez,-64.76689728845834,486.0,-0.13326522075814473,224
2012,00-0022787,M.Schaub,84.80408646627984,571.0,0.1485185402211556,224
2012,00-0026498,M.Stafford,34.24091915153104,753.0,0.045472668195924354,224
2012,00-0020245,M.Vick,-1.7185130246867062,377.0,-0.004558389985906382,224
2012,00-0029567,N.Foles,-18.52470818639227,286.0,-0.06477170694542753,224
2012,00-0010346,P.Manning,163.59263950662736,602.0,0.2717485706090156,224
2012,00-0022942,P.Rivers,-1.872320689327215,574.0,-0.0032618827340195385,224
2012,00-0023682,R.Fitzpatrick,8.820385672522788,533.0,0.016548565989723804,224
2012,00-0029665,R.Griffin,85.13534418087045,421.0,0.2022217201445854,224
2012,00-0029701,R.Tannehill,-19.023617205905467,519.0,-0.03665436841214926,224
2012,00-0029263,R.Wilson,82.44575281519167,426.0,0.1935346310215767,224
2012,00-0027854,S.Bradford,5.00432688828538,584.0,0.008569052890899624,224
2012,00-0019596,T.Brady,189.76668677106244,662.0,0.2866566265423904,224
2012,00-0021678,T.Romo,84.76588010711507,683.0,0.12410816999577609,224
2013,00-0027973,A.Dalton,67.0061737823158,615.0,0.1089531281013265,224
2013,00-0029668,A.Luck,20.207387108072304,608.0,0.03323583405932945,224
2013,00-0023459,A.Rodgers,93.21350266176698,311.0,0.2997218735105048,224
2013,00-0023436,A.Smith,24.683476003345106,543.0,0.045457598532863915,224
2013,00-0022924,B.Roethlisberger,61.64206640499914,621.0,0.09926258680354129,224
2013,00-0029677,B.Weeden,-40.99867772396969,294.0,-0.1394512847754071,224
2013,00-0026197,C.Henne,-35.361687363790246,542.0,-0.06524296561584916,224
2013,00-0027974,C.Kaepernick,56.778152072978116,455.0,0.12478714741313872,224
2013,00-0028986,C.Keenum,-30.18950361217947,269.0,-0.11222863796349246,224
2013,00-0027939,C.Newton,33.849378630228685,513.0,0.0659831942109721,224
2013,00-0021429,C.Palmer,11.13957661246376,614.0,0.018142632919322083,224
2013,00-0027950,C.Ponder,-23.037471617175402,266.0,-0.08660703615479474,224
2013,00-0020531,D.Brees,147.59358888393479,686.0,0.21515100420398656,224
2013,00-0022803,E.Manning,-46.27777276162307,590.0,-0.07843690298580182,224
2013,00-0030526,E.Manuel,-40.367122284240864,335.0,-0.12049887249027123,224
2013,00-0030565,G.Smith,-59.7726379283553,485.0,-0.12324255242959856,224
2013,00-0023460,J.Campbell,-25.099177888118575,332.0,-0.07559993339794752,224
2013,00-0024226,J.Cutler,15.06781110521124,373.0,0.040396276421477854,224
2013,00-0026158,J.Flacco,-32.9699751056204,663.0,-0.04972846923924645,224
2013,00-0021206,J.McCown,83.06691675626952,236.0,0.3519784608316505,224
2013,00-0024264,K.Clemens,-16.749343084032308,264.0,-0.06344448137891026,224
2013,00-0023662,M.Cassel,-12.823581504607727,271.0,-0.04731948894689198,224
2013,00-0026349,M.Flynn,-28.49596661985812,227.0,-0.12553289259849393,224
2013,00-0030520,M.Glennon,-33.9362073424748,456.0,-0.0744215073299886,224
2013,00-0026143,M.Ryan,37.43867267373837,694.0,0.053946214227288715,224
2013,00-0022787,M.Schaub,-32.32889610202381,379.0,-0.0853005174195879,224
2013,00-0026498,M.Stafford,55.638186678839304,659.0,0.08442820436849667,224
2013,00-0029567,N.Foles,104.19584527910027,350.0,0.2977024150831436,224
2013,00-0010346,P.Manning,262.23181648395916,677.0,0.38734389436330746,224
2013,00-0022942,P.Rivers,173.5501171515231,573.0,0.30287978560475237,224
2013,00-0023682,R.Fitzpatrick,28.361429696208386,368.0,0.07706910243534888,224
2013,00-0029665,R.Griffin,7.420410479675841,495.0,0.014990728241769375,224
2013,00-0029701,R.Tannehill,-0.8703944957783041,643.0,-0.0013536461831699907,224
2013,00-0029263,R.Wilson,72.45250245499255,450.0,0.16100556101109456,224
2013,00-0027854,S.Bradford,-2.048588471707733,277.0,-0.007395626251652465,224
2013,00-0019596,T.Brady,72.3814687325629,666.0,0.10868088398282717,224
2013,00-0028825,T.Pryor,-38.556347137991644,302.0,-0.12767002363573393,224
2013,00-0021678,T.Romo,60.98821211974071,571.0,0.10680947831828495,224
2014,00-0027973,A.Dalton,4.3163495169093355,503.0,0.008581211763239236,224
2014,00-0028957,A.Davis,-33.051852282809364,311.0,-0.10627605235630021,224
2014,00-0029668,A.Luck,84.56473915177278,645.0,0.13110812271592678,224
2014,00-0023459,A.Rodgers,170.00049426149732,549.0,0.3096548165054596,224
2014,00-0023436,A.Smith,61.56906594476821,511.0,0.12048740889387126,224
2014,00-0031407,B.Bortles,-113.60589654970019,533.0,-0.21314427120018797,224
2014,00-0026625,B.Hoyer,-3.4077795928322256,462.0,-0.007376146304831657,224
2014,00-0022924,B.Roethlisberger,157.67777036668315,634.0,0.24870310783388508,224
2014,00-0027974,C.Kaepernick,3.267455908175678,530.0,0.00616501114750128,224
2014,00-0027939,C.Newton,-9.777019966720337,485.0,-0.020158804055093477,224
2014,00-0021429,C.Palmer,31.872343155031857,234.0,0.13620659467962332,224
2014,00-0020531,D.Brees,102.34020220330723,683.0,0.14983924187892714,224
2014,00-0031280,D.Carr,-61.247468024712305,617.0,-0.09926656081801022,224
2014,00-0025430,D.Stanton,5.559461395394214,252.0,0.022061354743627835,224
2014,00-0022803,E.Manning,66.49951841089064,628.0,0.10589095288358383,224
2014,00-0030565,G.Smith,-14.230027973669316,397.0,-0.03584389917800835,224
2014,00-0024226,J.Cutler,-24.418866588746766,603.0,-0.040495632817158816,224
2014,00-0026158,J.Flacco,72.01034259393725,568.0,0.12677877217242475,224
2014,00-0021206,J.McCown,-28.456554847354855,359.0,-0.07926616949123916,224
2014,00-0023541,K.Orton,8.518014501086192,479.0,0.017782911275754053,224
2014,00-0026143,M.Ryan,73.07363365149357,655.0,0.1115627994679291,224
2014,00-0026898,M.Sanchez,38.800044493088784,332.0,0.11686760389484574,224
2014,00-0026498,M.Stafford,30.802298914688848,646.0,0.047681577267320197,224
2014,00-0029567,N.Foles,10.889257749500171,319.0,0.03413560423040806,224
2014,00-0010346,P.Manning,122.35396915315849,614.0,0.1992735653960236,224
2014,00-0022942,P.Rivers,77.90533964901816,605.0,0.1287691564446581,224
2014,00-0023682,R.Fitzpatrick,47.9494365544036,332.0,0.1444260137180831,224
2014,00-0029665,R.Griffin,-30.846570335832062,247.0,-0.12488490014506907,224
2014,00-0029701,R.Tannehill,28.46607610260388,635.0,0.04482846630331319,224
2014,00-0029263,R.Wilson,41.77017579437329,494.0,0.08455501172950058,224
2014,00-0020679,S.Hill,-23.898813699916538,247.0,-0.09675633076889287,224
2014,00-0019596,T.Brady,109.78381503496122,604.0,0.1817612831704656,224
2014,00-0031237,T.Bridgewater,-0.5036097364458803,437.0,-0.0011524250261919456,224
2014,00-0021678,T.Romo,145.89033016027835,463.0,0.3150979053137761,224
2015,00-0027973,A.Dalton,116.20513929192994,406.0,0.28621955490623135,224
2015,00-0029668,A.Luck,-7.73241281247721,308.0,-0.025105236404146785,224
2015,00-0023459,A.Rodgers,-5.458659585401058,621.0,-0.008790112053785923,224
2015,00-0023436,A.Smith,31.487905517484357,518.0,0.06078746238896594,224
2015,00-0031407,B.Bortles,3.1224368143615013,659.0,0.004738143876117604,224
2015,00-0027948,B.Gabbert,-30.872606586385036,307.0,-0.10056223643773628,224
2015,00-0026625,B.Hoyer,14.531775021734909,395.0,0.03678930385249344,224
2015,00-0029682,B.Osweiler,5.108074138501716,298.0,0.017141188384233945,224
2015,00-0022924,B.Roethlisberger,100.52274886891175,497.0,0.20225905205012423,224
2015,00-0027974,C.Kaepernick,-27.27428927537235,274.0,-0.09954120173493558,224
2015,00-0027939,C.Newton,85.9080035597313,526.0,0.1633232006838998,224
2015,00-0021429,C.Palmer,159.18508289489145,556.0,0.28630410592606376,224
2015,00-0020531,D.Brees,104.73732277011648,657.0,0.15941753846288656,224
2015,00-0031280,D.Carr,-3.45758042652786,605.0,-0.005715008969467537,224
2015,00-0022803,E.Manning,56.98036471474262,644.0,0.08847882719680532,224
2015,00-0024226,J.Cutler,26.732666724324268,514.0,0.052009079230202857,224
2015,00-0026158,J.Flacco,5.145628026671787,428.0,0.012022495389420063,224
2015,00-0031409,J.Manziel,-15.837068265098024,241.0,-0.06571397620372624,224
2015,00-0021206,J.McCown,15.874762937371997,319.0,0.04976414713909717,224
2015,00-0031503,J.Winston,48.50866808463997,563.0,0.08616104455531079,224
2015,00-0029604,K.Cousins,98.2538603164673,572.0,0.17177248307074702,224
2015,00-0007091,M.Hasselbeck,-0.11306125011944773,272.0,-0.0004156663607332637,224
2015,00-0032268,M.Mariota,-0.9940931475899493,407.0,-0.0024424893061178116,224
2015,00-0026143,M.Ryan,79.76734243190748,646.0,0.12347885825372674,224
2015,00-0026498,M.Stafford,24.619938680494656,637.0,0.03864982524410464,224
2015,00-0029567,N.Foles,-87.3824788922117,350.0,-0.24966422540631913,224
2015,00-0010346,P.Manning,-31.74410503788248,346.0,-0.09174596831757942,224
2015,00-0022942,P.Rivers,67.20806541070824,703.0,0.0956018000152322,224
2015,00-0023682,R.Fitzpatrick,72.50829739591457,581.0,0.1247991349327273,224
2015,00-0028012,R.Mallett,-16.550815909883,249.0,-0.06646914020033333,224
2015,00-0029701,R.Tannehill,-2.1812957331360905,631.0,-0.003456887057267972,224
2015,00-0029263,R.Wilson,127.99805496987014,529.0,0.24196229672943315,224
2015,00-0027854,S.Bradford,4.296283905708718,559.0,0.0076856599386560245,224
2015,00-0019596,T.Brady,127.44168720842161,660.0,0.19309346546730546,224
2015,00-0031237,T.Bridgewater,0.6415736348954879,491.0,0.0013066672808462075,224
2015,00-0028118,T.Taylor,54.70111852018486,418.0,0.13086391990474847,224
2016,00-0027973,A.Dalton,64.50529201869756,602.0,0.10715164787159064,224
2016,00-0029668,A.Luck,61.491165795539814,586.0,0.10493373002651846,224
2016,00-0023459,A.Rodgers,132.0358003605287,645.0,0.2047066672256259,224
2016,00-0023436,A.Smith,44.44412715709507,518.0,0.0857994732762453,224
2016,00-0031407,B.Bortles,-48.66172305725292,660.0,-0.07372988342008019,224
2016,00-0029682,B.Osweiler,-46.404544415378275,534.0,-0.08689989590894807,224
2016,00-0022924,B.Roethlisberger,84.67634827918538,532.0,0.15916606819395748,224
2016,00-0027974,C.Kaepernick,-8.793071617827902,366.0,-0.024024785841059843,224
2016,00-0028986,C.Keenum,-35.95203738696046,345.0,-0.10420880402017525,224
2016,00-0027939,C.Newton,-25.265773508541034,547.0,-0.04618971390958142,224
2016,00-0021429,C.Palmer,33.44013191873254,639.0,0.052331974833697247,224
2016,00-0032950,C.Wentz,8.909293513840716,641.0,0.013899053843745266,224
2016,00-0020531,D.Brees,112.4229006260272,695.0,0.1617595692460823,224
2016,00-0031280,D.Carr,78.11640189619938,579.0,0.13491606545112156,224
2016,00-0033077,D.Prescott,121.0943916366537,484.0,0.2501950240426729,224
2016,00-0022803,E.Manning,-5.59773337685514,619.0,-0.009043188007843522,224
2016,00-0026158,J.Flacco,-25.27014758442909,702.0,-0.03599736123138047,224
2016,00-0033106,J.Goff,-86.32466654107166,230.0,-0.3753246371350942,224
2016,00-0031503,J.Winston,53.25433218331271,607.0,0.08773366092802753,224
2016,00-0029604,K.Cousins,113.93851988063372,628.0,0.18143076414113649,224
2016,00-0032268,M.Mariota,57.19582384072467,475.0,0.1204122607173151,224
2016,00-0026143,M.Ryan,172.63852402572425,575.0,0.30024091134908565,224
2016,00-0026498,M.Stafford,73.14574503427367,630.0,0.1161043571972598,224
2016,00-0022942,P.Rivers,50.207902623773,615.0,0.08163886605491545,224
2016,00-0023682,R.Fitzpatrick,-18.12577999151559,422.0,-0.042952085287951636,224
2016,00-0029701,R.Tannehill,11.126663965780914,418.0,0.026618813315265343,224
2016,00-0029263,R.Wilson,50.114753147059815,587.0,0.08537436651969305,224
2016,00-0027854,S.Bradford,35.339745421735024,590.0,0.059897873596161055,224
2016,00-0019596,T.Brady,146.69065571654616,447.0,0.32816701502583034,224
2016,00-0032156,T.Siemian,16.949596271626497,518.0,0.032721228323603274,224
2016,00-0028118,T.Taylor,34.16015015620511,478.0,0.07146474928076384,224
2017,00-0027973,A.Dalton,-30.699916098756916,534.0,-0.05749047958568711,224
2017,00-0023459,A.Rodgers,21.928759094930662,261.0,0.08401823408019411,224
2017,00-0023436,A.Smith,91.01130000485607,540.0,0.16853944445343716,224
2017,00-0031407,B.Bortles,32.18088443574254,550.0,0.058510698974077346,224
2017,00-0026625,B.Hoyer,-30.89964003710795,228.0,-0.13552473700485942,224
2017,00-0031589,B.Hundley,-75.2253510611966,346.0,-0.21741430942542372,224
2017,00-0022924,B.Roethlisberger,87.19205754219729,582.0,0.14981453185944552,224
2017,00-0033936,C.Beathard,-40.877171682934836,242.0,-0.1689139325741109,224
2017,00-0028986,C.Keenum,58.28262707811835,504.0,0.11564013309150467,224
2017,00-0027939,C.Newton,-3.9666431213897484,527.0,-0.007526837042485291,224
2017,00-0021429,C.Palmer,-4.198267905359107,290.0,-0.014476785880548645,224
2017,00-0032950,C.Wentz,97.95839113529837,471.0,0.20797959901337235,224
2017,00-0020531,D.Brees,106.48560302207638,553.0,0.19255986079941478,224
2017,00-0031280,D.Carr,26.17643136586695,537.0,0.04874568224556229,224
2017,00-0033899,D.Kizer,-112.11087059888563,513.0,-0.21853970876975756,224
2017,00-0033077,D.Prescott,-32.009385812802215,523.0,-0.06120341455602718,224
2017,00-0022803,E.Manning,-62.17655444778798,606.0,-0.1026015749963498,224
2017,00-0033119,J.Brissett,-45.15081088223653,519.0,-0.08699578204669851,224
2017,00-0024226,J.Cutler,-23.957359524030853,449.0,-0.05335714816042506,224
2017,00-0026158,J.Flacco,-50.90756747378684,574.0,-0.08868914194039519,224
2017,00-0033106,J.Goff,97.09481241354648,500.0,0.19418962482709295,224
2017,00-0021206,J.McCown,13.794490888113184,432.0,0.03193169187063237,224
2017,00-0031503,J.Winston,49.40935319267575,474.0,0.1042391417566999,224
2017,00-0029604,K.Cousins,16.449299637370874,581.0,0.028312047568624567,224
2017,00-0032268,M.Mariota,-7.5944979723109,479.0,-0.01585490182110835,224
2017,00-0026143,M.Ryan,71.61176687852742,550.0,0.13020321250641348,224
2017,00-0026498,M.Stafford,37.47223428657702,615.0,0.06093046225459678,224
2017,00-0033869,M.Trubisky,-44.49982436271514,361.0,-0.12326821153106686,224
2017,00-0022942,P.Rivers,116.6268508723369,592.0,0.19700481566273126,224
2017,00-0029263,R.Wilson,26.39475748897287,597.0,0.04421232410213211,224
2017,00-0019596,T.Brady,140.61418443449463,618.0,0.22753104277426317,224
2017,00-0031064,T.Savage,-48.418178927505465,243.0,-0.19925176513376736,224
2017,00-0032156,T.Siemian,-49.674091105083875,384.0,-0.12935961225282258,224
2017,00-0028118,T.Taylor,4.0302096469122555,466.0,0.008648518555605698,224
2018,00-0027973,A.Dalton,26.701287716583103,384.0,0.06953460342860183,224
2018,00-0029668,A.Luck,112.54212597387176,658.0,0.17103666561378686,224
2018,00-0023459,A.Rodgers,54.205956866746945,647.0,0.0837804588357758,224
2018,00-0023436,A.Smith,-7.551285065955817,349.0,-0.021636919959758787,224
2018,00-0031407,B.Bortles,-24.306520929399458,436.0,-0.05574890121421894,224
2018,00-0034855,B.Mayfield,34.267017847956716,515.0,0.06653789873389654,224
2018,00-0022924,B.Roethlisberger,146.94888297490945,701.0,0.20962750781014186,224
2018,00-0028986,C.Keenum,-20.93404966104317,620.0,-0.03376459622748898,224
2018,00-0027939,C.Newton,32.668333792356655,501.0,0.06520625507456418,224
2018,00-0032950,C.Wentz,37.861408440846844,431.0,0.08784549522238247,224
2018,00-0020531,D.Brees,157.3049550512213,508.0,0.3096554233291758,224
2018,00-0031280,D.Carr,0.5398694851847099,598.0,0.0009027917812453343,224
2018,00-0033077,D.Prescott,24.431834138462115,582.0,0.041979096457838684,224
2018,00-0033537,D.Watson,59.80392703054893,562.0,0.10641268154901944,224
2018,00-0022803,E.Manning,29.42797858967147,627.0,0.04693457510314429,224
2018,00-0034857,J.Allen,-39.51235742536212,348.0,-0.11354125696943138,224
2018,00-0026158,J.Flacco,16.78295126506024,394.0,0.04259632300776711,224
2018,00-0033106,J.Goff,118.74641771309368,595.0,0.1995738112825104,224
2018,00-0034343,J.Rosen,-149.8099463730008,438.0,-0.3420318410342484,224
2018,00-0031503,J.Winston,43.92755089428393,407.0,0.1079301004773561,224
2018,00-0029604,K.Cousins,-10.670792752227257,648.0,-0.016467272765782803,224
2018,00-0032268,M.Mariota,8.214828941137686,374.0,0.021964783265074027,224
2018,00-0026143,M.Ryan,121.26030089787203,655.0,0.18513023037843057,224
2018,00-0026498,M.Stafford,7.457673730378557,597.0,0.01249191579627899,224
2018,00-0033869,M.Trubisky,54.056899780909006,461.0,0.11726008629264427,224
2018,00-0033319,N.Mullens,32.313832149423504,288.0,0.11220080607438716,224
2018,00-0033873,P.Mahomes,222.51851133498425,606.0,0.3671922629290169,224
2018,00-0022942,P.Rivers,141.09765280236806,547.0,0.25794817696959427,224
2018,00-0023682,R.Fitzpatrick,60.62122162937682,261.0,0.23226521697079242,224
2018,00-0029701,R.Tannehill,-53.7609709005898,308.0,-0.17454860682009674,224
2018,00-0029263,R.Wilson,64.56110807821973,471.0,0.13707241630195272,224
2018,00-0034869,S.Darnold,-14.579318163737215,444.0,-0.03283630217057931,224
2018,00-0019596,T.Brady,91.8258707973839,590.0,0.1556370691481083,224
2019,00-0027973,A.Dalton,-15.268306806800455,560.0,-0.02726483358357224,224
2019,00-0023459,A.Rodgers,60.00902072264752,606.0,0.09902478667103551,224
2019,00-0034855,B.Mayfield,-11.748251175174588,574.0,-0.020467336542116008,224
2019,00-0028986,C.Keenum,-4.627634630996329,262.0,-0.017662727599222633,224
2019,00-0032950,C.Wentz,42.508707766931096,645.0,0.06590497328206371,224
2019,00-0020531,D.Brees,92.98294223985647,386.0,0.24088845139859189,224
2019,00-0031280,D.Carr,98.0058865334384,541.0,0.1811569067161523,224
2019,00-0035232,D.Haskins,-51.86024911203273,234.0,-0.2216249962052681,224
2019,00-0035710,D.Jones,-40.203856834807695,500.0,-0.0804077136696154,224
2019,00-0033077,D.Prescott,124.6161513587385,620.0,0.20099379251409435,224
2019,00-0033537,D.Watson,76.17334309906995,538.0,0.14158613958934935,224
2019,00-0035289,G.Minshew II,-12.150661118734877,507.0,-0.023965801023145716,224
2019,00-0033119,J.Brissett,12.293031322923913,472.0,0.02604455788755066,224
2019,00-0026158,J.Flacco,-22.146513735058317,288.0,-0.07689761713561916,224
2019,00-0031345,J.Garoppolo,82.0433139908514,514.0,0.15961734239465253,224
2019,00-0033106,J.Goff,60.62050717188108,649.0,0.09340602029565652,224
2019,00-0031503,J.Winston,44.29555843927345,674.0,0.06572041311464903,224
2019,00-0034857,Jos.Allen,-11.567378678673663,498.0,-0.023227668029465187,224
2019,00-0034577,K.Allen,-29.785657921289136,536.0,-0.055570257315837944,224
2019,00-0029604,K.Cousins,86.19796045875437,475.0,0.18146939043948287,224
2019,00-0035228,K.Murray,5.991952437002793,589.0,0.010173094120548036,224
2019,00-0034796,L.Jackson,144.06278716997596,423.0,0.3405739649408415,224
2019,00-0034771,M.Rudolph,-18.302914257979328,299.0,-0.06121376006013153,224
2019,00-0026143,M.Ryan,18.10399844692063,668.0,0.027101794082216513,224
2019,00-0026498,M.Stafford,68.75897417080768,308.0,0.22324342263249244,224
2019,00-0033869,M.Trubisky,-34.53069207734271,552.0,-0.06255560158938896,224
2019,00-0033873,P.Mahomes,138.74704079195328,502.0,0.27638852747401055,224
2019,00-0022942,P.Rivers,69.20330088545944,623.0,0.11108073978404405,224
2019,00-0023682,R.Fitzpatrick,22.964692223134126,543.0,0.042292250871333564,224
2019,00-0029701,R.Tannehill,63.33208240628761,315.0,0.2010542298612305,224
2019,00-0029263,R.Wilson,88.26002818881787,563.0,0.1567673680085575,224
2019,00-0034869,S.Darnold,-14.90895415537627,475.0,-0.0313872719060553,224
2019,00-0019596,T.Brady,31.601536470769243,642.0,0.04922357705727296,224
2020,00-0027973,A.Dalton,-11.200869862839099,357.0,-0.031374985610193556,224
2020,00-0023459,A.Rodgers,186.96548926212944,543.0,0.3443195014035533,224
2020,00-0023436,A.Smith,-32.68786900252315,274.0,-0.1192987919800115,224
2020,00-0034855,B.Mayfield,89.4152579119062,508.0,0.17601428722816181,224
2020,00-0022924,B.Roethlisberger,55.322861413122155,625.0,0.08851657826099545,224
2020,00-0027939,C.Newton,-3.799512289323096,398.0,-0.009546513289756522,224
2020,00-0032950,C.Wentz,-82.5736188608685,492.0,-0.16783255866030183,224
2020,00-0020531,D.Brees,69.3599742617758,402.0,0.1725372494074025,224
2020,00-0031280,D.Carr,61.449180410959926,540.0,0.11379477853881467,224
2020,00-0035232,D.Haskins,-40.51915019320606,262.0,-0.15465324501223687,224
2020,00-0035710,D.Jones,-24.102540700469714,494.0,-0.048790568219574316,224
2020,00-0035704,D.Lock,-35.28436527601813,464.0,-0.07604389068107355,224
2020,00-0033077,D.Prescott,31.771741078052877,233.0,0.13635940376846728,224
2020,00-0033537,D.Watson,131.06896695702545,595.0,0.22028397807903438,224
2020,00-0035289,G.Minshew II,17.970943349016082,357.0,0.05033877688800023,224
2020,00-0034857,J.Allen,168.90748324955732,599.0,0.2819824428206299,224
2020,00-0036442,J.Burrow,49.37519823482441,433.0,0.11403048091183467,224
2020,00-0033106,J.Goff,25.232382826666203,574.0,0.043958855098721605,224
2020,00-0036355,J.Herbert,90.33604487103145,626.0,0.14430678094413968,224
2020,00-0029604,K.Cousins,94.17484362372242,558.0,0.16877212118946672,224
2020,00-0035228,K.Murray,31.81447800845347,579.0,0.05494728498869338,224
2020,00-0034796,L.Jackson,56.99380511030343,403.0,0.14142383402060404,224
2020,00-0026143,M.Ryan,67.34443160837982,669.0,0.10066432228457373,224
2020,00-0026498,M.Stafford,56.04649093169034,563.0,0.09954971746303791,224
2020,00-0033869,M.Trubisky,28.665777486926732,316.0,0.09071448571812257,224
2020,00-0029567,N.Foles,-34.49430610698026,330.0,-0.10452820032418261,224
2020,00-0033319,N.Mullens,3.124369012898414,347.0,0.009003945282127994,224
2020,00-0033873,P.Mahomes,186.2203791452437,612.0,0.30428166527000605,224
2020,00-0022942,P.Rivers,104.45465888878857,561.0,0.18619368785880316,224
2020,00-0023682,R.Fitzpatrick,48.64624400611031,282.0,0.17250441136918548,224
2020,00-0029701,R.Tannehill,126.2364257534784,507.0,0.2489870330443361,224
2020,00-0029263,R.Wilson,78.39778409646338,606.0,0.1293692806872333,224
2020,00-0034869,S.Darnold,-77.78393701771216,398.0,-0.1954370276826939,224
2020,00-0019596,T.Brady,132.13055865645242,629.0,0.21006448117083057,224
2020,00-0031237,T.Bridgewater,33.09148171474036,523.0,0.06327243157694142,224
2020,00-0036212,T.Tagovailoa,-14.963595791798475,310.0,-0.04826966384451121,224
2021,00-0027973,A.Dalton,-30.184660414726963,256.0,-0.1179088297450272,238
2021,00-0023459,Aa.Rodgers,128.06890512188764,559.0,0.229103586980121,238
2021,00-0034855,B.Mayfield,-4.941697314844875,462.0,-0.010696314534296267,238
2021,00-0022924,B.Roethlisberger,-44.961120128575246,646.0,-0.06959925716497715,238
2021,00-0032950,C.Wentz,13.058730000047223,552.0,0.02365711956530294,238
2021,00-0031280,D.Carr,36.748317159585085,666.0,0.0551776533927704,238
2021,00-0035710,D.Jones,-11.103932539560693,383.0,-0.028991990964910428,238
2021,00-0036898,D.Mills,-44.18015453051294,424.0,-0.10419847766630409,238
2021,00-0033077,D.Prescott,108.33346017476654,631.0,0.1716853568538297,238
2021,00-0033119,J.Brissett,-23.278094582762108,244.0,-0.09540202697853323,238
2021,00-0036442,J.Burrow,99.39808097109311,571.0,0.17407719959911228,238
2021,00-0036945,J.Fields,-64.70272595166408,304.0,-0.21283791431468446,238
2021,00-0031345,J.Garoppolo,92.96111318621512,469.0,0.1982113287552561,238
2021,00-0033106,J.Goff,-24.172158309186692,529.0,-0.04569406107596728,238
2021,00-0036355,J.Herbert,121.13445362925613,709.0,0.17085254390586196,238
2021,00-0036389,J.Hurts,19.720935173898525,459.0,0.04296500037886389,238
2021,00-0034857,Jos.Allen,79.9928577935822,675.0,0.11850793747197363,238
2021,00-0029604,K.Cousins,68.5013348076524,587.0,0.11669733357351346,238
2021,00-0035228,K.Murray,64.44055304935736,514.0,0.12537072577695985,238
2021,00-0034796,L.Jackson,19.300810233555627,421.0,0.045845154949063244,238
2021,00-0036972,M.Jones,52.99336772479283,550.0,0.09635157768144151,238
2021,00-0026143,M.Ryan,6.463695754495134,601.0,0.010754901421788908,238
2021,00-0026498,M.Stafford,117.5954231009535,634.0,0.18548173990686673,238
2021,00-0033873,P.Mahomes,138.78744912621195,687.0,0.2020195766029286,238
2021,00-0029701,R.Tannehill,25.569180278163316,578.0,0.04423733612138982,238
2021,00-0029263,R.Wilson,16.612031373268948,435.0,0.03818857786958379,238
2021,00-0034869,S.Darnold,-76.71357971897741,442.0,-0.17356013511080862,238
2021,00-0019596,T.Brady,144.98093458580826,740.0,0.19592018187271387,238
2021,00-0031237,T.Bridgewater,57.11457155321986,460.0,0.12416211207221708,238
2021,00-0031800,T.Heinicke,-29.2894061794796,532.0,-0.05505527477345789,238
2021,00-0036971,T.Lawrence,-59.27818731390642,636.0,-0.09320469703444406,238
2021,00-0036212,T.Tagovailoa,21.141036287286397,409.0,0.051689575274538865,238
2021,00-0037013,Z.Wilson,-95.5279989515226,429.0,-0.22267598823198742,238
2022,00-0027973,A.Dalton,19.043597040069937,404.0,0.047137616435816675,238
2022,00-0023459,A.Rodgers,-5.398877264335352,575.0,-0.009389351764061483,238
2022,00-0034855,B.Mayfield,-51.24581983298861,371.0,-0.13812889442854073,238
2022,00-0032950,C.Wentz,-39.92165213974799,309.0,-0.12919628524190288,238
2022,00-0031280,D.Carr,26.454583846643693,532.0,0.0497266613658716,238
2022,00-0035710,D.Jones,21.504006693787556,514.0,0.04183658889841937,238
2022,00-0036898,D.Mills,-74.16035410550444,511.0,-0.14512789453131983,238
2022,00-0033077,D.Prescott,42.08468612331793,414.0,0.1016538312157438,238
2022,00-0030565,G.Smith,26.62665097774075,619.0,0.043015591240292,238
2022,00-0034857,J.Allen,101.82925630255038,600.0,0.16971542717091728,238
2022,00-0033119,J.Brissett,18.865214939030608,391.0,0.04824863155762304,238
2022,00-0036442,J.Burrow,88.6705010744901,651.0,0.1362066068732567,238
2022,00-0036945,J.Fields,-67.55924912026875,377.0,-0.17920225230840517,238
2022,00-0031345,J.Garoppolo,75.50642052189106,326.0,0.23161478687696643,238
2022,00-0033106,J.Goff,102.2155964192068,610.0,0.1675665515068964,238
2022,00-0036355,J.Herbert,24.60581046422372,736.0,0.03343180769595614,238
2022,00-0036389,J.Hurts,71.27008704825748,499.0,0.14282582574801098,238
2022,00-0029604,K.Cousins,20.3026937360359,690.0,0.029424193820341882,238
2022,00-0035228,K.Murray,-17.002991877024332,418.0,-0.040677014059866824,238
2022,00-0038102,K.Pickett,-8.712390474304332,417.0,-0.020893022720154274,238
2022,00-0034796,L.Jackson,10.54836080093461,352.0,0.029966934093564233,238
2022,00-0036972,M.Jones,-29.834341876394618,478.0,-0.06241494116400548,238
2022,00-0032268,M.Mariota,7.71872604478376,326.0,0.0236770737570054,238
2022,00-0026143,M.Ryan,-28.261312603070913,502.0,-0.05629743546428469,238
2022,00-0026498,M.Stafford,-24.037346815501724,332.0,-0.07240164703464375,238
2022,00-0033873,P.Mahomes,193.1312047767991,677.0,0.2852750439834551,238
2022,00-0029701,R.Tannehill,20.5762590693871,358.0,0.0574755839927014,238
2022,00-0029263,R.Wilson,-56.86114924108557,538.0,-0.10568986847785422,238
2022,00-0019596,T.Brady,61.11411591430015,758.0,0.08062548273654373,238
2022,00-0031800,T.Heinicke,-12.509613154755371,276.0,-0.04532468534331656,238
2022,00-0036971,T.Lawrence,83.58122241381848,615.0,0.13590442668913574,238
2022,00-0036212,T.Tagovailoa,96.02783755290554,421.0,0.2280946260164027,238
2022,00-0037013,Z.Wilson,-36.211054951860135,265.0,-0.13664549038437787,238
2023,00-0038579,A.O'Connell,-17.576435600479144,367.0,-0.04789219509667342,238
2023,00-0034855,B.Mayfield,49.825178500909864,609.0,0.0818147430228405,238
2023,00-0037834,B.Purdy,144.08476467565745,469.0,0.3072169822508688,238
2023,00-0039150,B.Young,-157.92387772755538,589.0,-0.2681220334933028,238
2023,00-0039163,C.Stroud,61.97331953392935,534.0,0.11605490549424971,238
2023,00-0031280,D.Carr,28.025057313621538,581.0,0.04823589899074275,238
2023,00-0033077,D.Prescott,120.79506478811257,631.0,0.19143433405406113,238
2023,00-0038122,D.Ridder,-31.947990670404856,420.0,-0.07606664445334489,238
2023,00-0035289,G.Minshew,-6.592706553653366,527.0,-0.012509879608450411,238
2023,00-0030565,G.Smith,33.68434190813369,528.0,0.06379610209873805,238
2023,00-0034857,J.Allen,91.75980622574461,604.0,0.1519202089830209,238
2023,00-0035100,J.Browning,23.35207713649103,268.0,0.08713461618093668,238
2023,00-0036442,J.Burrow,5.928686764463674,388.0,0.01528012052696823,238
2023,00-0033949,J.Dobbs,-81.59065717074796,450.0,-0.18131257149055102,238
2023,00-0036945,J.Fields,-38.19047671384593,416.0,-0.09180403056212964,238
2023,00-0033106,J.Goff,81.97247013794866,636.0,0.1288875316634413,238
2023,00-0036355,J.Herbert,27.916855522856366,486.0,0.0574420895532024,238
2023,00-0036389,J.Hurts,62.384721995972065,575.0,0.10849516868864707,238
2023,00-0036264,J.Love,88.07463041239822,609.0,0.14462172481510382,238
2023,00-0029604,K.Cousins,37.36814194309825,326.0,0.1146262022794425,238
2023,00-0035228,K.Murray,-16.542183747099685,289.0,-0.05723939012837261,238
2023,00-0038102,K.Pickett,-40.84030300029143,347.0,-0.11769539769536434,238
2023,00-0034796,L.Jackson,58.87650446613635,494.0,0.11918320742132865,238
2023,00-0036972,M.Jones,-54.70160128159117,368.0,-0.14864565565649773,238
2023,00-0026498,M.Stafford,54.07451746388991,551.0,0.09813887017039911,238
2023,00-0033873,P.Mahomes,50.70953516778956,622.0,0.0815265838710443,238
2023,00-0029701,R.Tannehill,-22.643686407132012,260.0,-0.08709110156589235,238
2023,00-0029263,R.Wilson,-14.647405878868575,491.0,-0.02983178386734944,238
2023,00-0037077,S.Howell,-103.55517762751846,679.0,-0.15251130725702278,238
2023,00-0036971,T.Lawrence,-0.06368614373237302,602.0,-0.00010579093643251333,238
2023,00-0036212,T.Tagovailoa,121.50223502360987,589.0,0.2062856282234463,238
2023,00-0039152,W.Levis,-13.102353301967238,282.0,-0.046462245751656875,238
2023,00-0037013,Z.Wilson,-101.72621130925323,413.0,-0.24631043900545577,238
2024,00-0038579,A.O'Connell,2.4920011933823787,254.0,0.009811028320403066,238
2024,00-0039164,A.Richardson,-39.14415025731828,277.0,-0.141314621867575,238
2024,00-0023459,A.Rodgers,11.289993453394557,627.0,0.018006369144169948,238
2024,00-0034855,B.Mayfield,115.74934584933192,612.0,0.18913291805446392,238
2024,00-0039732,B.Nix,34.454841314827625,591.0,0.058299223882957066,238
2024,00-0037834,B.Purdy,78.22623363100206,482.0,0.16229509052075117,238
2024,00-0039150,B.Young,-25.8665987047799,414.0,-0.06247970701637657,238
2024,00-0033662,C.Rush,-23.11580056201015,321.0,-0.07201183975704097,238
2024,00-0039163,C.Stroud,-13.091298270820392,583.0,-0.02245505706830256,238
2024,00-0039918,C.Williams,-47.92742577769601,636.0,-0.07535758770077988,238
2024,00-0031280,D.Carr,47.569375113158934,290.0,0.16403232797641012,238
2024,00-0035710,D.Jones,-36.329043539517166,371.0,-0.09792195024128617,238
2024,00-0039851,D.Maye,-26.111014740860433,374.0,-0.0698155474354557,238
2024,00-0033077,D.Prescott,-9.507266401408701,307.0,-0.03096829446712932,238
2024,00-0033537,D.Watson,-61.54127600711169,250.0,-0.24616510402844677,238
2024,00-0035289,G.Minshew,-45.67533258332046,333.0,-0.13716316091087224,238
2024,00-0030565,G.Smith,22.162566587968094,629.0,0.035234605068311754,238
2024,00-0034857,J.Allen,130.26225651229137,497.0,0.2620970955981718,238
2024,00-0036442,J.Burrow,115.91160333368148,701.0,0.16535178792251282,238
2024,00-0039910,J.Daniels,62.365988356549785,528.0,0.1181174021904352,238
2024,00-0026158,J.Flacco,2.0523858721668287,267.0,0.007686838472534939,238
2024,00-0033106,J.Goff,169.12272467823624,568.0,0.2977512758419652,238
2024,00-0036355,J.Herbert,72.79392984415597,545.0,0.1335668437507449,238
2024,00-0036389,J.Hurts,39.94046356759546,399.0,0.10010141245011393,238
2024,00-0036264,J.Love,62.138519485109896,442.0,0.14058488571291833,238
2024,00-0031503,J.Winston,-25.07266950920854,326.0,-0.07691002916935136,238
2024,00-0029604,K.Cousins,21.581693915861347,478.0,0.04514998727167646,238
2024,00-0035228,K.Murray,65.48845909956998,570.0,0.11489203350801751,238
2024,00-0034796,L.Jackson,172.59742435236836,494.0,0.34938749868900476,238
2024,00-0036972,M.Jones,-3.2984696644515035,279.0,-0.011822471915596787,238
2024,00-0026498,M.Stafford,32.416816912369626,546.0,0.059371459546464514,238
2024,00-0033873,P.Mahomes,70.77767399670118,617.0,0.11471259967050434,238
2024,00-0029263,R.Wilson,-2.179858689584032,368.0,-0.005923529047782696,238
2024,00-0034869,S.Darnold,50.073306526485695,593.0,0.08444065181532158,238
2024,00-0039376,S.Rattler,-75.72613058695552,250.0,-0.30290452234782206,238
2024,00-0036971,T.Lawrence,6.196714316714863,305.0,0.0203170961203766,238
2024,00-0036212,T.Tagovailoa,85.62301249734257,421.0,0.20338007719083745,238
2024,00-0039152,W.Levis,-65.51893214026177,344.0,-0.19046201203564467,238
2025,00-0023459,A.Rodgers,26.70213574701888,527.0,0.0506681892732806,238
2025,00-0034855,B.Mayfield,0.8328822099197275,584.0,0.0014261681676707662,238
2025,00-0039732,B.Nix,62.75321004923773,638.0,0.09835926340005914,238
2025,00-0037834,B.Purdy,63.12993911682055,298.0,0.21184543327792132,238
2025,00-0039150,B.Young,-21.73130817412273,506.0,-0.04294724935597378,238
2025,00-0039163,C.Stroud,47.90486008625293,446.0,0.10741000019339222,238
2025,00-0040676,C.Ward,-109.36421227541511,592.0,-0.18473684505982282,238
2025,00-0039918,C.Williams,42.482000977815595,594.0,0.07151852016467272,238
2025,00-0035710,D.Jones,64.70040209327351,409.0,0.15819169215959294,238
2025,00-0039851,D.Maye,165.16154195610798,539.0,0.3064221557627235,238
2025,00-0033077,D.Prescott,111.73220225490775,630.0,0.17735270199191705,238
2025,00-0030565,G.Smith,-73.6074815639512,503.0,-0.14633694147902823,238
2025,00-0034857,J.Allen,71.39628235774131,506.0,0.1410993722485006,238
2025,00-0033119,J.Brissett,-3.548782689907209,530.0,-0.006695816396051337,238
2025,00-0036442,J.Burrow,36.607093342523,278.0,0.13168019187957913,238
2025,00-0040691,J.Dart,3.8034700891966136,375.0,0.010142586904524303,238
2025,00-0026158,J.Flacco,-41.13518881108262,432.0,-0.09522034447009865,238
2025,00-0033106,J.Goff,107.12932874552891,614.0,0.17447773411323927,238
2025,00-0036355,J.Herbert,16.114613501478534,566.0,0.02847104858918469,238
2025,00-0036389,J.Hurts,34.62848587638903,486.0,0.0712520285522408,238
2025,00-0036264,J.Love,110.6823489008849,461.0,0.24009186312556377,238
2025,00-0039923,J.McCarthy,-54.10591478333371,273.0,-0.19819016404151543,238
2025,00-0029604,K.Cousins,-1.8436387872688842,281.0,-0.006560992125512043,238
2025,00-0034796,L.Jackson,18.48437798002736,338.0,0.054687508816648994,238
2025,00-0036972,M.Jones,44.95632597348302,304.0,0.14788265122856256,238
2025,00-0032268,M.Mariota,-1.8813742801996691,244.0,-0.007710550328687169,238
2025,00-0039917,M.Penix,5.139894674856983,290.0,0.01772377474088615,238
2025,00-0026498,M.Stafford,150.9107517410906,617.0,0.24458792826756984,238
2025,00-0033873,P.Mahomes,68.39097819770254,537.0,0.12735750129925985,238
2025,00-0034869,S.Darnold,74.78592712906674,502.0,0.14897595045630824,238
2025,00-0039376,S.Rattler,-21.12482669469751,272.0,-0.0776648040246232,238
2025,00-0036971,T.Lawrence,38.22330157287032,600.0,0.06370550262145053,238
2025,00-0040743,T.Shough,2.387781426919666,356.0,0.006707251199212546,238
2025,00-0036212,T.Tagovailoa,14.08673258152766,415.0,0.03394393393139195,238
